project,file,class,changes,distinct_authors
camel,camel/components/camel-hazelcast/src/main/java/org/apache/camel/component/hazelcast/atomicnumber/HazelcastAtomicnumberProducer.java,HazelcastAtomicnumberProducer,10,8
camel,camel/components/camel-spring/src/test/java/org/apache/camel/spring/interceptor/TransactionalClientDataSourceRedeliveryTest.java,TransactionalClientDataSourceRedeliveryTest,8,5
camel,camel/components/camel-iota/src/main/java/org/apache/camel/component/iota/IOTAProducer.java,IOTAProducer,4,4
camel,camel/components/camel-test-spring/src/test/java/org/apache/camel/test/spring/CamelSpringRunnerTestPropertySourceTest.java,CamelSpringRunnerTestPropertySourceTest,1,1
camel,camel/core/camel-core/src/test/java/org/apache/camel/processor/interceptor/AdviceWithTasksSelectTest.java,AdviceWithTasksSelectTest,1,1
camel,camel/components/camel-elasticsearch-rest/src/generated/java/org/apache/camel/component/elasticsearch/ElasticsearchComponentConfigurer.java,ElasticsearchComponentConfigurer,5,2
camel,camel/core/camel-core/src/test/java/org/apache/camel/processor/ValidationWithErrorInHandleAndFinallyBlockTest.java,ValidationWithErrorInHandleAndFinallyBlockTest,2,2
camel,camel/components/camel-docker/src/test/java/org/apache/camel/component/docker/DockerConfigurationTest.java,DockerConfigurationTest,7,4
camel,camel/components/camel-quartz/src/test/java/org/apache/camel/component/quartz/SpringQuartzPersistentStoreRestartRouteTest.java,SpringQuartzPersistentStoreRestartRouteTest,1,1
camel,camel/components/camel-cxf/src/test/java/org/apache/camel/component/cxf/CxfProducerSoapActionTest.java,CxfProducerSoapActionTest,4,4
camel,camel/components/camel-mail/src/test/java/org/apache/camel/component/mail/MailConvertersTest.java,MailConvertersTest,7,6
camel,camel/core/camel-componentdsl/src/generated/java/org/apache/camel/builder/component/dsl/SjmsComponentBuilderFactory.java,SjmsComponentBuilderImpl,1,1
camel,camel/components/camel-sap-netweaver/src/test/java/org/apache/camel/component/sap/netweaver/NetWeaverTestConstants.java,NetWeaverTestConstants,1,1
camel,camel/components/camel-cm-sms/src/test/java/org/apache/camel/component/cm/test/CMTest.java,CMTest,8,5
camel,camel/components/camel-aws-ses/src/main/java/org/apache/camel/component/aws/ses/SesProducer.java,SesProducer,3,3
camel,camel/core/camel-core/src/test/java/org/apache/camel/component/bean/BeanParameterValueOgnlTest.java,BeanParameterValueOgnlTest,2,2
camel,camel/core/camel-core/src/test/java/org/apache/camel/component/bean/BeanParameterValueOgnlTest.java,MyBean,1,1
camel,camel/core/camel-core/src/test/java/org/apache/camel/component/bean/BeanParameterValueOgnlTest.java,Animal,1,1
camel,camel/components/camel-olingo4/camel-olingo4-api/src/main/java/org/apache/camel/component/olingo4/api/impl/Olingo4Helper.java,Olingo4Helper,1,1
camel,camel/components/camel-bindy/src/test/java/org/apache/camel/dataformat/bindy/fixed/marshall/simple/BindySimpleFixedLengthMarshallWithClipAndTrimTest.java,BindySimpleFixedLengthMarshallWithClipAndTrimTest,5,4
camel,camel/components/camel-bindy/src/test/java/org/apache/camel/dataformat/bindy/fixed/marshall/simple/BindySimpleFixedLengthMarshallWithClipAndTrimTest.java,Order,2,2
camel,camel/core/camel-core/src/test/java/org/apache/camel/impl/EndpointPrototypeTest.java,EndpointPrototypeTest,1,1
camel,camel/core/camel-management/src/test/java/org/apache/camel/management/ManagedDefaultReactiveExecutorTest.java,ManagedDefaultReactiveExecutorTest,1,1
camel,camel/components/camel-irc/src/test/java/org/apache/camel/component/irc/it/IrcRouteTest.java,IrcRouteTest,13,8
camel,camel/components/camel-jms/src/test/java/org/apache/camel/component/jms/async/AsyncJmsProducerTest.java,AsyncJmsProducerTest,4,3
camel,camel/components/camel-caffeine/src/test/java/org/apache/camel/component/caffeine/cache/CaffeineCacheRemovaListenerProducerTest.java,CaffeineCacheRemovaListenerProducerTest,1,1
camel,camel/components/camel-box/camel-box-api/src/main/java/org/apache/camel/component/box/api/BoxGroupsManager.java,BoxGroupsManager,8,7
camel,camel/components/camel-aws-ecs/src/test/java/org/apache/camel/component/aws/ecs/ECSComponentVerifierExtensionTest.java,ECSComponentVerifierExtensionTest,1,1
camel,camel/components/camel-grpc/src/test/java/org/apache/camel/component/grpc/GrpcConsumerConcurrentTest.java,GrpcConsumerConcurrentTest,6,4
camel,camel/components/camel-grpc/src/test/java/org/apache/camel/component/grpc/GrpcConsumerConcurrentTest.java,PongResponseStreamObserver,2,2
camel,camel/components/camel-grpc/src/test/java/org/apache/camel/component/grpc/GrpcConsumerConcurrentTest.java,GrpcMessageBuilder,2,2
camel,camel/components/camel-grpc/src/test/java/org/apache/camel/component/grpc/GrpcConsumerConcurrentTest.java,HeaderExchangeProcessor,2,2
camel,camel/components/camel-aws-kinesis/src/test/java/org/apache/camel/component/aws/kinesis/KinesisConsumerClosedShardWithFailTest.java,KinesisConsumerClosedShardWithFailTest,1,1
camel,camel/components/camel-controlbus/src/main/java/org/apache/camel/component/controlbus/ControlBusComponent.java,ControlBusComponent,1,1
camel,camel/core/camel-core-engine/src/main/java/org/apache/camel/builder/SimpleBuilder.java,SimpleBuilder,5,3
camel,camel/components/camel-stomp/src/main/java/org/apache/camel/component/stomp/StompConsumer.java,StompConsumer,3,3
camel,camel/components/camel-netty-http/src/test/java/org/apache/camel/component/netty/http/NettyRequestManagementTest.java,NettyRequestManagementTest,2,2
camel,camel/components/camel-vertx/src/test/java/org/apache/camel/component/vertx/VertxMultipleConsumerTest.java,VertxMultipleConsumerTest,1,1
camel,camel/components/camel-test-spring/src/test/java/org/apache/camel/test/patterns/DebugSpringCamelContextTest.java,DebugSpringCamelContextTest,1,1
camel,camel/components/camel-braintree/src/test/java/org/apache/camel/component/braintree/SubscriptionGatewayIntegrationTest.java,SubscriptionGatewayIntegrationTest,2,2
camel,camel/core/camel-core/src/test/java/org/apache/camel/component/bean/issues/MyMessage.java,MyMessage,1,1
camel,camel/components/camel-google-drive/src/test/java/org/apache/camel/component/google/drive/GoogleDriveFilesConverterTest.java,GoogleDriveFilesConverterTest,1,1
camel,camel/components/camel-jbpm/src/test/java/org/apache/camel/component/jbpm/JBPMComponentIntegrationTest.java,JBPMComponentIntegrationTest,5,5
camel,camel/components/camel-quartz/src/test/java/org/apache/camel/component/quartz/QuartzOneCamelContextRestartTest.java,QuartzOneCamelContextRestartTest,2,2
camel,camel/components/camel-stringtemplate/src/main/java/org/apache/camel/component/stringtemplate/StringTemplateEndpoint.java,StringTemplateEndpoint,23,6
camel,camel/components/camel-ftp/src/test/java/org/apache/camel/component/file/remote/FtpRecursiveDepth3Test.java,FtpRecursiveDepth3Test,1,1
camel,camel/components/camel-jira/src/main/java/org/apache/camel/component/jira/consumer/AbstractJiraConsumer.java,AbstractJiraConsumer,2,2
camel,camel/components/camel-bindy/src/main/java/org/apache/camel/dataformat/bindy/format/factories/EnumFormatFactory.java,EnumFormatFactory,1,1
camel,camel/components/camel-bindy/src/main/java/org/apache/camel/dataformat/bindy/format/factories/EnumFormatFactory.java,EnumFormat,1,1
camel,camel/components/camel-syslog/src/test/java/org/apache/camel/component/syslog/MinaDataFormatTest.java,MinaDataFormatTest,7,7
camel,camel/components/camel-reactive-streams/src/test/java/org/apache/camel/component/reactive/streams/ExchangeRequestTest.java,ExchangeRequestTest,2,2
camel,camel/components/camel-mllp/src/main/java/org/apache/camel/component/mllp/MllpAcknowledgementReceiveException.java,MllpAcknowledgementReceiveException,2,2
camel,camel/components/camel-salesforce/camel-salesforce-component/src/main/java/org/apache/camel/component/salesforce/api/dto/analytics/reports/ReportType.java,ReportType,1,1
camel,camel/components/camel-spring/src/test/java/org/apache/camel/spring/DumpModelAsXmlPlaceholdersTest.java,DumpModelAsXmlPlaceholdersTest,5,4
camel,camel/components/camel-apns/src/main/java/org/apache/camel/component/apns/factory/ApnsServiceFactory.java,ApnsServiceFactory,14,8
camel,camel/components/camel-hl7/src/main/java/org/apache/camel/component/hl7/HL7Constants.java,HL7Constants,3,2
camel,camel/core/camel-core/src/test/java/org/apache/camel/issues/OnExceptionContinuedIssueTest.java,OnExceptionContinuedIssueTest,2,2
camel,camel/core/camel-core/src/test/java/org/apache/camel/issues/OnExceptionContinuedIssueTest.java,OrderFailedException,1,1
camel,camel/components/camel-dropbox/src/main/java/org/apache/camel/component/dropbox/integration/consumer/DropboxScheduledPollConsumer.java,DropboxScheduledPollConsumer,3,3
camel,camel/components/camel-jsonpath/src/main/java/org/apache/camel/jsonpath/JsonPathLanguage.java,JsonPathLanguage,10,3
camel,camel/core/camel-core/src/test/java/org/apache/camel/issues/AdviceWithOnCompletionRemoveTest.java,AdviceWithOnCompletionRemoveTest,1,1
camel,camel/core/camel-core/src/test/java/org/apache/camel/processor/async/AsyncEndpointEventNotifierSendingTest.java,AsyncEndpointEventNotifierSendingTest,1,1
camel,camel/components/camel-cxf/src/test/java/org/apache/camel/component/cxf/jaxrs/CustomExceptionMapper.java,CustomExceptionMapper,1,1
camel,camel/core/camel-core/src/test/java/org/apache/camel/builder/xml/XPathHeaderNameResultTypeAndNamespaceTest.java,XPathHeaderNameResultTypeAndNamespaceTest,2,2
camel,camel/components/camel-guava-eventbus/src/test/java/org/apache/camel/component/guava/eventbus/GuavaEventBusComponentTest.java,GuavaEventBusComponentTest,2,2
camel,camel/components/camel-jgroups-raft/src/main/java/org/apache/camel/component/jgroups/raft/utils/NopStateMachine.java,NopStateMachine,1,1
camel,camel/components/camel-caffeine/src/test/java/org/apache/camel/component/caffeine/cache/CaffeineCacheProducerMultiOperationSameCacheTest.java,CaffeineCacheProducerMultiOperationSameCacheTest,2,2
camel,camel/core/camel-core/src/test/java/org/apache/camel/processor/ThreadsCoreAndMaxPoolInvalidTest.java,ThreadsCoreAndMaxPoolInvalidTest,3,2
camel,camel/core/camel-componentdsl/src/generated/java/org/apache/camel/builder/component/dsl/DatasetComponentBuilderFactory.java,DatasetComponentBuilderImpl,2,2
camel,camel/core/camel-core/src/test/java/org/apache/camel/component/direct/DirectEndpointTest.java,DirectEndpointTest,1,1
camel,camel/components/camel-kafka/src/main/java/org/apache/camel/component/kafka/KafkaEndpoint.java,KafkaEndpoint,51,22
camel,camel/components/camel-thrift/src/generated/java/org/apache/camel/component/thrift/ThriftComponentConfigurer.java,ThriftComponentConfigurer,4,2
camel,camel/components/camel-bindy/src/main/java/org/apache/camel/dataformat/bindy/BindyKeyValuePairFactory.java,BindyKeyValuePairFactory,45,13
camel,camel/core/camel-base/src/main/java/org/apache/camel/impl/engine/ProducerServicePool.java,ProducerServicePool,1,1
camel,camel/core/camel-support/src/main/java/org/apache/camel/support/DefaultConsumer.java,DefaultConsumer,7,2
camel,camel/components/camel-spring/src/test/java/org/apache/camel/spring/bind/BeanInfoTest.java,BeanInfoTest,9,6
camel,camel/components/camel-shiro/src/test/java/org/apache/camel/component/shiro/security/ShiroAuthorizationTest.java,ShiroAuthorizationTest,10,4
camel,camel/components/camel-shiro/src/test/java/org/apache/camel/component/shiro/security/ShiroAuthorizationTest.java,TestShiroSecurityTokenInjector,6,2
camel,camel/core/camel-core-engine/src/main/java/org/apache/camel/reifier/dataformat/JsonApiDataFormatReifier.java,JsonApiDataFormatReifier,1,1
camel,camel/components/camel-jetty/src/test/java/org/apache/camel/component/jetty/HttpProducerTwoParametersWithSameKeyTest.java,HttpProducerTwoParametersWithSameKeyTest,1,1
camel,camel/components/camel-couchbase/src/test/java/org/apache/camel/component/couchbase/ProduceMessagesWithAutoIDIntegrationTest.java,ProduceMessagesWithAutoIDIntegrationTest,1,1
camel,camel/components/camel-ribbon/src/main/java/org/apache/camel/component/ribbon/cloud/RibbonServiceLoadBalancerFactory.java,RibbonServiceLoadBalancerFactory,3,3
camel,camel/components/camel-jdbc/src/main/java/org/apache/camel/component/jdbc/JdbcEndpoint.java,JdbcEndpoint,37,12
camel,camel/core/camel-componentdsl/src/generated/java/org/apache/camel/builder/component/dsl/DjlComponentBuilderFactory.java,DjlComponentBuilderImpl,1,1
camel,camel/core/camel-core/src/test/java/org/apache/camel/impl/InterceptSendToMockEndpointStrategyCustomTest.java,InterceptSendToMockEndpointStrategyCustomTest,2,1
camel,camel/core/camel-core/src/test/java/org/apache/camel/impl/InterceptSendToMockEndpointStrategyCustomTest.java,MyStrategy,2,1
camel,camel/components/camel-spring/src/test/java/org/apache/camel/spring/processor/SpringClaimCheckEipPushPopRemoveHeaderTest.java,SpringClaimCheckEipPushPopRemoveHeaderTest,2,2
camel,camel/components/camel-ahc/src/test/java/org/apache/camel/component/ahc/AhcOperationFailedExceptionTest.java,AhcOperationFailedExceptionTest,1,1
camel,camel/components/camel-salesforce/camel-salesforce-component/src/test/java/org/apache/camel/component/salesforce/StreamingApiIntegrationTest.java,StreamingApiIntegrationTest,8,6
camel,camel/core/camel-core/src/test/java/org/apache/camel/issues/AdviceWithOnExceptionAndInterceptTest.java,AdviceWithOnExceptionAndInterceptTest,2,2
camel,camel/core/camel-core/src/test/java/org/apache/camel/issues/AdviceWithOnExceptionAndInterceptTest.java,MyAdviceWithRouteBuilder,1,1
camel,camel/core/camel-main/src/main/java/org/apache/camel/main/MainCommandLineSupport.java,MainCommandLineSupport,1,1
camel,camel/core/camel-main/src/main/java/org/apache/camel/main/MainCommandLineSupport.java,ParameterOption,1,1
camel,camel/components/camel-stax/src/main/java/org/apache/camel/component/stax/StAXProcessor.java,StAXProcessor,4,4
camel,camel/core/camel-core-engine/src/main/java/org/apache/camel/builder/ProxyBuilder.java,ProxyBuilder,1,1
camel,camel/components/camel-mllp/src/test/java/org/apache/camel/test/executor/TestRunnable.java,TestRunnable,1,1
camel,camel/components/camel-spring/src/test/java/org/apache/camel/component/bean/RouterBean.java,RouterBean,3,3
camel,camel/components/camel-cxf/src/test/java/org/apache/camel/component/cxf/CxfMessageStreamExceptionTest.java,CxfMessageStreamExceptionTest,6,4
dubbo,dubbo/dubbo-registry/dubbo-registry-api/src/main/java/org/apache/dubbo/registry/client/DefaultServiceDiscoveryFactory.java,DefaultServiceDiscoveryFactory,4,2
dubbo,dubbo/dubbo-rpc/dubbo-rpc-api/src/main/java/org/apache/dubbo/rpc/AppResponse.java,AppResponse,8,3
dubbo,dubbo/dubbo-common/src/test/java/org/apache/dubbo/event/DirectEventDispatcherTest.java,DirectEventDispatcherTest,1,1
dubbo,dubbo/dubbo-rpc/dubbo-rpc-api/src/test/java/org/apache/dubbo/rpc/filter/ContextFilterTest.java,ContextFilterTest,2,1
dubbo,dubbo/dubbo-container/dubbo-container-log4j/src/test/java/org/apache/dubbo/container/log4j/Log4jContainerTest.java,Log4jContainerTest,1,1
dubbo,dubbo/dubbo-serialization/dubbo-serialization-test/src/test/java/org/apache/dubbo/common/serialize/kryo/KyroSerializationTest.java,KyroSerializationTest,1,1
dubbo,dubbo/dubbo-common/src/test/java/org/apache/dubbo/common/extension/ext3/impl/UseProtocolKeyExtImpl1.java,UseProtocolKeyExtImpl1,1,1
dubbo,dubbo/dubbo-config/dubbo-config-api/src/main/java/org/apache/dubbo/config/bootstrap/builders/RegistryBuilder.java,RegistryBuilder,1,1
dubbo,dubbo/dubbo-common/src/main/java/org/apache/dubbo/common/json/JSONArray.java,JSONArray,3,3
dubbo,dubbo/dubbo-remoting/dubbo-remoting-netty/src/test/java/org/apache/dubbo/remoting/transport/netty/ClientReconnectTest.java,ClientReconnectTest,9,6
dubbo,dubbo/dubbo-remoting/dubbo-remoting-netty/src/test/java/org/apache/dubbo/remoting/transport/netty/ClientReconnectTest.java,HandlerAdapter,1,1
dubbo,dubbo/dubbo-rpc/dubbo-rpc-api/src/main/java/org/apache/dubbo/rpc/filter/tps/StatItem.java,StatItem,2,2
dubbo,dubbo/dubbo-common/src/test/java/org/apache/dubbo/common/status/support/StatusUtilsTest.java,StatusUtilsTest,1,1
dubbo,dubbo/dubbo-rpc/dubbo-rpc-api/src/test/java/org/apache/dubbo/rpc/filter/ActiveLimitFilterTest.java,ActiveLimitFilterTest,10,6
dubbo,dubbo/dubbo-remoting/dubbo-remoting-api/src/main/java/org/apache/dubbo/remoting/exchange/Response.java,Response,7,4
dubbo,dubbo/dubbo-metadata/dubbo-metadata-processor/src/test/java/org/apache/dubbo/metadata/tools/RestServiceTest.java,RestServiceTest,1,1
dubbo,dubbo/dubbo-filter/dubbo-filter-cache/src/main/java/org/apache/dubbo/cache/support/lru/LruCacheFactory.java,LruCacheFactory,1,1
dubbo,dubbo/dubbo-config/dubbo-config-api/src/main/java/org/apache/dubbo/config/bootstrap/builders/ServiceBuilder.java,ServiceBuilder,1,1
dubbo,dubbo/dubbo-common/src/test/java/org/apache/dubbo/convert/multiple/StringToBlockingQueueConverterTest.java,StringToBlockingQueueConverterTest,1,1
dubbo,dubbo/dubbo-rpc/dubbo-rpc-dubbo/src/test/java/org/apache/dubbo/rpc/protocol/dubbo/ExplicitCallbackTest.java,ExplicitCallbackTest,7,6
dubbo,dubbo/dubbo-rpc/dubbo-rpc-dubbo/src/test/java/org/apache/dubbo/rpc/protocol/dubbo/ExplicitCallbackTest.java,HelloServiceImpl,1,1
dubbo,dubbo/dubbo-rpc/dubbo-rpc-dubbo/src/test/java/org/apache/dubbo/rpc/protocol/dubbo/ExplicitCallbackTest.java,DemoServiceImpl,1,1
dubbo,dubbo/dubbo-common/src/test/java/org/apache/dubbo/common/utils/HolderTest.java,HolderTest,1,1
dubbo,dubbo/dubbo-common/src/main/java/org/apache/dubbo/common/status/Status.java,Status,1,1
dubbo,dubbo/dubbo-serialization/dubbo-serialization-protobuf/src/main/java/org/apache/dubbo/common/serialize/protobuf/support/ProtobufWrappedException.java,ProtobufWrappedException,1,1
dubbo,dubbo/dubbo-metadata/dubbo-metadata-processor/src/test/java/org/apache/dubbo/metadata/rest/SpringRestService.java,SpringRestService,1,1
dubbo,dubbo/dubbo-common/src/main/java/org/apache/dubbo/common/threadpool/support/eager/TaskQueue.java,TaskQueue,1,1
dubbo,dubbo/dubbo-common/src/main/java/org/apache/dubbo/event/Event.java,Event,1,1
dubbo,dubbo/dubbo-rpc/dubbo-rpc-thrift/src/main/java/org/apache/dubbo/rpc/protocol/thrift/ThriftClassNameGenerator.java,ThriftClassNameGenerator,1,1
dubbo,dubbo/dubbo-rpc/dubbo-rpc-thrift/src/test/java/org/apache/dubbo/rpc/protocol/thrift/AbstractTest.java,AbstractTest,3,3
dubbo,dubbo/dubbo-metadata/dubbo-metadata-processor/src/main/java/org/apache/dubbo/metadata/annotation/processing/rest/jaxrs/JAXRSServiceRestMetadataResolver.java,JAXRSServiceRestMetadataResolver,1,1
dubbo,dubbo/dubbo-cluster/src/main/java/org/apache/dubbo/rpc/cluster/router/tag/model/Tag.java,Tag,1,1
dubbo,dubbo/dubbo-registry/dubbo-registry-api/src/main/java/org/apache/dubbo/registry/client/event/ServiceDiscoveryInitializingEvent.java,ServiceDiscoveryInitializingEvent,3,1
dubbo,dubbo/dubbo-config/dubbo-config-api/src/test/java/org/apache/dubbo/config/ProviderConfigTest.java,ProviderConfigTest,1,1
dubbo,dubbo/dubbo-plugin/dubbo-qos/src/main/java/org/apache/dubbo/qos/legacy/ChangeTelnetHandler.java,ChangeTelnetHandler,3,3
dubbo,dubbo/dubbo-compatible/src/test/java/org/apache/dubbo/serialization/MyObjectInput.java,MyObjectInput,1,1
dubbo,dubbo/dubbo-config/dubbo-config-api/src/test/java/org/apache/dubbo/config/ServiceConfigTest.java,ServiceConfigTest,2,1
dubbo,dubbo/dubbo-registry/dubbo-registry-api/src/main/java/org/apache/dubbo/registry/RegistryFactoryWrapper.java,RegistryFactoryWrapper,1,1
dubbo,dubbo/dubbo-common/src/test/java/org/apache/dubbo/common/io/UnsafeStringReaderTest.java,UnsafeStringReaderTest,2,2
dubbo,dubbo/dubbo-serialization/dubbo-serialization-protobuf/src/main/java/org/apache/dubbo/common/serialize/protobuf/support/GenericProtobufObjectInput.java,GenericProtobufObjectInput,2,1
dubbo,dubbo/dubbo-common/src/test/java/org/apache/dubbo/common/extension/ext7/impl/Ext7InitErrorImpl.java,Ext7InitErrorImpl,1,1
dubbo,dubbo/dubbo-rpc/dubbo-rpc-dubbo/src/main/java/org/apache/dubbo/rpc/protocol/dubbo/LazyConnectExchangeClient.java,LazyConnectExchangeClient,14,6
dubbo,dubbo/dubbo-common/src/test/java/org/apache/dubbo/event/GenericEventListenerTest.java,GenericEventListenerTest,1,1
dubbo,dubbo/dubbo-common/src/test/java/org/apache/dubbo/event/GenericEventListenerTest.java,MyGenericEventListener,1,1
dubbo,dubbo/dubbo-common/src/main/java/org/apache/dubbo/common/logger/jcl/JclLogger.java,JclLogger,1,1
dubbo,dubbo/dubbo-config/dubbo-config-api/src/test/java/org/apache/dubbo/config/invoker/DelegateProviderMetaDataInvokerTest.java,DelegateProviderMetaDataInvokerTest,1,1
dubbo,dubbo/dubbo-common/src/main/java/org/apache/dubbo/common/utils/DefaultPage.java,DefaultPage,1,1
dubbo,dubbo/dubbo-registry/dubbo-registry-api/src/test/java/org/apache/dubbo/registry/PerformanceUtils.java,PerformanceUtils,1,1
dubbo,dubbo/dubbo-rpc/dubbo-rpc-dubbo/src/main/java/org/apache/dubbo/rpc/protocol/dubbo/DubboExporter.java,DubboExporter,1,1
dubbo,dubbo/dubbo-common/src/test/java/org/apache/dubbo/common/extension/ExtensionLoader_Adaptive_Test.java,ExtensionLoader_Adaptive_Test,4,4
dubbo,dubbo/dubbo-serialization/dubbo-serialization-native-hession/src/main/java/org/apache/dubbo/serialize/hessian/serializer/java8/Java8TimeSerializer.java,Java8TimeSerializer,1,1
dubbo,dubbo/dubbo-config/dubbo-config-api/src/main/java/org/apache/dubbo/config/event/DubboShutdownHookUnregisteredEvent.java,DubboShutdownHookUnregisteredEvent,1,1
elasticsearch,elasticsearch/modules/parent-join/src/main/java/org/elasticsearch/join/aggregations/ChildrenAggregationBuilder.java,ChildrenAggregationBuilder,16,10
elasticsearch,elasticsearch/x-pack/plugin/core/src/main/java/org/elasticsearch/xpack/core/ml/job/results/AnomalyRecord.java,AnomalyRecord,6,5
elasticsearch,elasticsearch/x-pack/plugin/core/src/test/java/org/elasticsearch/xpack/core/security/authc/DefaultAuthenticationFailureHandlerTests.java,DefaultAuthenticationFailureHandlerTests,4,3
elasticsearch,elasticsearch/client/rest-high-level/src/main/java/org/elasticsearch/client/ml/job/config/MlFilter.java,MlFilter,1,1
elasticsearch,elasticsearch/client/rest-high-level/src/main/java/org/elasticsearch/client/ml/job/config/MlFilter.java,Builder,1,1
elasticsearch,elasticsearch/client/rest/src/main/java/org/elasticsearch/client/Request.java,Request,5,3
elasticsearch,elasticsearch/client/rest-high-level/src/test/java/org/elasticsearch/client/TransformIT.java,TransformIT,3,2
elasticsearch,elasticsearch/modules/lang-expression/src/main/java/org/elasticsearch/script/expression/DateField.java,DateField,2,2
elasticsearch,elasticsearch/x-pack/plugin/sql/src/test/java/org/elasticsearch/xpack/sql/plan/logical/command/sys/SysTypesTests.java,SysTypesTests,14,5
elasticsearch,elasticsearch/plugins/repository-hdfs/src/test/java/org/elasticsearch/repositories/hdfs/HaHdfsFailoverTestSuiteIT.java,HaHdfsFailoverTestSuiteIT,2,2
elasticsearch,elasticsearch/plugins/repository-hdfs/src/test/java/org/elasticsearch/repositories/hdfs/HaHdfsFailoverTestSuiteIT.java,CloseableHAServiceTarget,1,1
elasticsearch,elasticsearch/plugins/repository-hdfs/src/test/java/org/elasticsearch/repositories/hdfs/HaHdfsFailoverTestSuiteIT.java,CloseableHAAdmin,1,1
elasticsearch,elasticsearch/client/rest-high-level/src/main/java/org/elasticsearch/client/ml/GetJobRequest.java,GetJobRequest,5,3
elasticsearch,elasticsearch/x-pack/plugin/sql/src/main/java/org/elasticsearch/xpack/sql/expression/function/scalar/geo/StX.java,StX,1,1
elasticsearch,elasticsearch/x-pack/plugin/ilm/src/test/java/org/elasticsearch/xpack/ilm/IndexLifecycleRunnerTests.java,IndexLifecycleRunnerTests,35,8
elasticsearch,elasticsearch/x-pack/plugin/ilm/src/test/java/org/elasticsearch/xpack/ilm/IndexLifecycleRunnerTests.java,MockAsyncActionStep,5,2
elasticsearch,elasticsearch/x-pack/plugin/ilm/src/test/java/org/elasticsearch/xpack/ilm/IndexLifecycleRunnerTests.java,MockAsyncWaitStep,5,3
elasticsearch,elasticsearch/x-pack/plugin/ilm/src/test/java/org/elasticsearch/xpack/ilm/IndexLifecycleRunnerTests.java,MockClusterStateActionStep,2,1
elasticsearch,elasticsearch/x-pack/plugin/ilm/src/test/java/org/elasticsearch/xpack/ilm/IndexLifecycleRunnerTests.java,MockClusterStateWaitStep,1,1
elasticsearch,elasticsearch/x-pack/plugin/ilm/src/test/java/org/elasticsearch/xpack/ilm/IndexLifecycleRunnerTests.java,SetStepInfoUpdateTaskMatcher,2,2
elasticsearch,elasticsearch/x-pack/plugin/ilm/src/test/java/org/elasticsearch/xpack/ilm/IndexLifecycleRunnerTests.java,ExecuteStepsUpdateTaskMatcher,1,1
elasticsearch,elasticsearch/x-pack/plugin/ilm/src/test/java/org/elasticsearch/xpack/ilm/IndexLifecycleRunnerTests.java,RetryableMockStep,3,2
elasticsearch,elasticsearch/x-pack/plugin/ilm/src/test/java/org/elasticsearch/xpack/ilm/IndexLifecycleRunnerTests.java,MockPolicyStepsRegistry,3,1
elasticsearch,elasticsearch/x-pack/plugin/ilm/src/test/java/org/elasticsearch/xpack/ilm/IndexLifecycleRunnerTests.java,NoOpHistoryStore,3,1
elasticsearch,elasticsearch/server/src/test/java/org/elasticsearch/monitor/process/ProcessProbeTests.java,ProcessProbeTests,1,1
elasticsearch,elasticsearch/test/framework/src/main/java/org/elasticsearch/test/FieldMaskingReader.java,FieldMaskingReader,1,1
elasticsearch,elasticsearch/x-pack/plugin/core/src/main/java/org/elasticsearch/xpack/core/security/authc/esnative/ClientReservedRealm.java,ClientReservedRealm,1,1
elasticsearch,elasticsearch/plugins/analysis-ukrainian/src/main/java/org/elasticsearch/plugin/analysis/ukrainian/AnalysisUkrainianPlugin.java,AnalysisUkrainianPlugin,1,1
elasticsearch,elasticsearch/server/src/test/java/org/elasticsearch/common/util/LongObjectHashMapTests.java,LongObjectHashMapTests,1,1
elasticsearch,elasticsearch/server/src/test/java/org/elasticsearch/index/shard/IndexReaderWrapperTests.java,IndexReaderWrapperTests,2,1
elasticsearch,elasticsearch/server/src/test/java/org/elasticsearch/index/shard/IndexReaderWrapperTests.java,FieldMaskingReader,1,1
elasticsearch,elasticsearch/client/rest-high-level/src/test/java/org/elasticsearch/client/ml/job/results/InfluencerTests.java,InfluencerTests,1,1
elasticsearch,elasticsearch/x-pack/plugin/core/src/test/java/org/elasticsearch/xpack/core/ml/action/PreviewDatafeedActionRequestTests.java,PreviewDatafeedActionRequestTests,1,1
elasticsearch,elasticsearch/modules/reindex/src/test/java/org/elasticsearch/index/reindex/RethrottleTests.java,RethrottleTests,21,7
elasticsearch,elasticsearch/x-pack/plugin/sql/src/main/java/org/elasticsearch/xpack/sql/expression/function/scalar/math/Round.java,Round,5,2
elasticsearch,elasticsearch/x-pack/plugin/security/src/main/java/org/elasticsearch/xpack/security/rest/action/oauth2/RestInvalidateTokenAction.java,RestInvalidateTokenAction,4,3
elasticsearch,elasticsearch/server/src/main/java/org/elasticsearch/index/query/AbstractGeometryQueryBuilder.java,AbstractGeometryQueryBuilder,3,2
elasticsearch,elasticsearch/server/src/main/java/org/elasticsearch/index/query/AbstractGeometryQueryBuilder.java,ParsedGeometryQueryParams,2,2
elasticsearch,elasticsearch/server/src/main/java/org/elasticsearch/action/admin/indices/template/put/PutIndexTemplateRequestBuilder.java,PutIndexTemplateRequestBuilder,5,3
elasticsearch,elasticsearch/server/src/main/java/org/elasticsearch/index/cache/query/IndexQueryCache.java,IndexQueryCache,1,1
elasticsearch,elasticsearch/client/rest-high-level/src/main/java/org/elasticsearch/client/rollup/job/config/DateHistogramGroupConfig.java,DateHistogramGroupConfig,1,1
elasticsearch,elasticsearch/client/rest-high-level/src/main/java/org/elasticsearch/client/rollup/job/config/DateHistogramGroupConfig.java,FixedInterval,1,1
elasticsearch,elasticsearch/client/rest-high-level/src/main/java/org/elasticsearch/client/rollup/job/config/DateHistogramGroupConfig.java,CalendarInterval,1,1
elasticsearch,elasticsearch/server/src/main/java/org/elasticsearch/action/admin/cluster/node/stats/NodeStats.java,NodeStats,3,2
elasticsearch,elasticsearch/x-pack/plugin/sql/src/test/java/org/elasticsearch/xpack/sql/analysis/index/IndexResolverTests.java,IndexResolverTests,15,5
elasticsearch,elasticsearch/x-pack/plugin/sql/src/test/java/org/elasticsearch/xpack/sql/analysis/index/IndexResolverTests.java,UpdateableFieldCapabilities,4,4
elasticsearch,elasticsearch/server/src/main/java/org/elasticsearch/ingest/ConditionalProcessor.java,ConditionalProcessor,11,7
elasticsearch,elasticsearch/server/src/main/java/org/elasticsearch/ingest/ConditionalProcessor.java,UnmodifiableIngestData,1,1
elasticsearch,elasticsearch/server/src/main/java/org/elasticsearch/ingest/ConditionalProcessor.java,UnmodifiableIngestList,1,1
elasticsearch,elasticsearch/server/src/main/java/org/elasticsearch/common/document/DocumentField.java,DocumentField,4,3
elasticsearch,elasticsearch/distribution/tools/launchers/src/main/java/org/elasticsearch/tools/launchers/TempDirectory.java,TempDirectory,1,1
elasticsearch,elasticsearch/x-pack/plugin/monitoring/src/test/java/org/elasticsearch/xpack/monitoring/action/TransportMonitoringBulkActionTests.java,TransportMonitoringBulkActionTests,5,4
elasticsearch,elasticsearch/server/src/main/java/org/elasticsearch/search/aggregations/metrics/PercentilesConfig.java,PercentilesConfig,1,1
elasticsearch,elasticsearch/server/src/main/java/org/elasticsearch/search/aggregations/metrics/PercentilesConfig.java,TDigest,1,1
elasticsearch,elasticsearch/server/src/main/java/org/elasticsearch/search/aggregations/metrics/PercentilesConfig.java,Hdr,1,1
elasticsearch,elasticsearch/server/src/main/java/org/elasticsearch/search/fetch/subphase/highlight/HighlightBuilder.java,HighlightBuilder,3,3
elasticsearch,elasticsearch/server/src/main/java/org/elasticsearch/search/fetch/subphase/highlight/HighlightBuilder.java,Field,1,1
elasticsearch,elasticsearch/client/rest-high-level/src/test/java/org/elasticsearch/client/indices/CloseIndexResponseTests.java,CloseIndexResponseTests,1,1
elasticsearch,elasticsearch/server/src/test/java/org/elasticsearch/cluster/coordination/ReconfiguratorTests.java,ReconfiguratorTests,5,3
elasticsearch,elasticsearch/server/src/test/java/org/elasticsearch/search/suggest/SuggestTests.java,SuggestTests,4,4
elasticsearch,elasticsearch/client/rest-high-level/src/main/java/org/elasticsearch/client/ml/PutDataFrameAnalyticsRequest.java,PutDataFrameAnalyticsRequest,1,1
elasticsearch,elasticsearch/x-pack/plugin/core/src/main/java/org/elasticsearch/xpack/core/security/authz/support/DLSRoleQueryValidator.java,DLSRoleQueryValidator,1,1
elasticsearch,elasticsearch/client/client-benchmark-noop-api-plugin/src/main/java/org/elasticsearch/plugin/noop/action/search/NoopSearchAction.java,NoopSearchAction,6,4
elasticsearch,elasticsearch/x-pack/plugin/core/src/test/java/org/elasticsearch/license/StartTrialLicenseTests.java,StartTrialLicenseTests,6,4
elasticsearch,elasticsearch/server/src/main/java/org/elasticsearch/indices/recovery/RecoveryTranslogOperationsResponse.java,RecoveryTranslogOperationsResponse,3,3
elasticsearch,elasticsearch/client/rest-high-level/src/main/java/org/elasticsearch/client/transform/transforms/TransformIndexerPosition.java,TransformIndexerPosition,1,1
elasticsearch,elasticsearch/x-pack/plugin/ccr/src/main/java/org/elasticsearch/xpack/ccr/action/ShardChangesAction.java,ShardChangesAction,47,8
elasticsearch,elasticsearch/x-pack/plugin/ccr/src/main/java/org/elasticsearch/xpack/ccr/action/ShardChangesAction.java,Request,13,4
elasticsearch,elasticsearch/x-pack/plugin/ccr/src/main/java/org/elasticsearch/xpack/ccr/action/ShardChangesAction.java,Response,14,5
elasticsearch,elasticsearch/x-pack/plugin/ccr/src/main/java/org/elasticsearch/xpack/ccr/action/ShardChangesAction.java,TransportAction,24,5
elasticsearch,elasticsearch/x-pack/plugin/ilm/src/main/java/org/elasticsearch/xpack/slm/SnapshotRetentionService.java,SnapshotRetentionService,2,1
elasticsearch,elasticsearch/x-pack/plugin/security/src/test/java/org/elasticsearch/integration/MultipleIndicesPermissionsTests.java,MultipleIndicesPermissionsTests,4,4
elasticsearch,elasticsearch/x-pack/plugin/ml/src/test/java/org/elasticsearch/xpack/ml/action/TransportGetJobsStatsActionTests.java,TransportGetJobsStatsActionTests,4,4
elasticsearch,elasticsearch/x-pack/plugin/watcher/src/test/java/org/elasticsearch/xpack/watcher/notification/email/AccountsTests.java,AccountsTests,1,1
elasticsearch,elasticsearch/server/src/main/java/org/elasticsearch/action/ingest/PutPipelineRequestBuilder.java,PutPipelineRequestBuilder,2,2
elasticsearch,elasticsearch/x-pack/plugin/sql/jdbc/src/main/java/org/elasticsearch/xpack/sql/jdbc/DefaultCursor.java,DefaultCursor,1,1
elasticsearch,elasticsearch/server/src/test/java/org/elasticsearch/indices/breaker/HierarchyCircuitBreakerServiceTests.java,HierarchyCircuitBreakerServiceTests,8,6
elasticsearch,elasticsearch/plugins/discovery-gce/src/test/java/org/elasticsearch/discovery/gce/GceDiscoveryTests.java,GceDiscoveryTests,23,10
elasticsearch,elasticsearch/x-pack/qa/third-party/active-directory/src/test/java/org/elasticsearch/xpack/security/authc/ldap/UserAttributeGroupsResolverTests.java,UserAttributeGroupsResolverTests,5,3
elasticsearch,elasticsearch/x-pack/plugin/security/src/main/java/org/elasticsearch/xpack/security/action/user/TransportChangePasswordAction.java,TransportChangePasswordAction,7,5
elasticsearch,elasticsearch/x-pack/plugin/ql/src/main/java/org/elasticsearch/xpack/ql/expression/gen/pipeline/AggPathInput.java,AggPathInput,2,1
elasticsearch,elasticsearch/modules/lang-expression/src/test/java/org/elasticsearch/script/expression/MoreExpressionTests.java,MoreExpressionTests,33,12
elasticsearch,elasticsearch/server/src/main/java/org/elasticsearch/action/admin/cluster/repositories/get/TransportGetRepositoriesAction.java,TransportGetRepositoriesAction,5,4
elasticsearch,elasticsearch/x-pack/plugin/sql/qa/single-node/src/test/java/org/elasticsearch/xpack/sql/qa/single_node/RestSqlIT.java,RestSqlIT,3,3
elasticsearch,elasticsearch/x-pack/qa/full-cluster-restart/src/test/java/org/elasticsearch/xpack/restart/QueryBuilderBWCIT.java,QueryBuilderBWCIT,1,1
elasticsearch,elasticsearch/x-pack/plugin/core/src/main/java/org/elasticsearch/xpack/core/action/ReloadAnalyzersRequest.java,ReloadAnalyzersRequest,1,1
elasticsearch,elasticsearch/x-pack/plugin/sql/src/main/java/org/elasticsearch/xpack/sql/expression/function/scalar/string/BitLength.java,BitLength,2,1
elasticsearch,elasticsearch/x-pack/plugin/core/src/main/java/org/elasticsearch/xpack/core/ml/job/config/DataDescription.java,DataDescription,2,2
elasticsearch,elasticsearch/x-pack/plugin/core/src/main/java/org/elasticsearch/xpack/core/ml/job/config/DataDescription.java,Builder,1,1
elasticsearch,elasticsearch/x-pack/plugin/sql/src/main/java/org/elasticsearch/xpack/sql/expression/function/aggregate/MatrixStats.java,MatrixStats,1,1
elasticsearch,elasticsearch/server/src/main/java/org/elasticsearch/rest/BytesRestResponse.java,BytesRestResponse,1,1
elasticsearch,elasticsearch/client/rest-high-level/src/test/java/org/elasticsearch/client/watcher/WatchRequestValidationTests.java,WatchRequestValidationTests,2,2
elasticsearch,elasticsearch/libs/x-content/src/main/java/org/elasticsearch/common/xcontent/NamedXContentRegistry.java,NamedXContentRegistry,1,1
elasticsearch,elasticsearch/libs/x-content/src/main/java/org/elasticsearch/common/xcontent/NamedXContentRegistry.java,Entry,1,1
elasticsearch,elasticsearch/modules/rank-eval/src/main/java/org/elasticsearch/index/rankeval/RestRankEvalAction.java,RestRankEvalAction,25,6
elasticsearch,elasticsearch/server/src/test/java/org/elasticsearch/action/support/master/IndexingMasterFailoverIT.java,IndexingMasterFailoverIT,8,6
elasticsearch,elasticsearch/server/src/test/java/org/elasticsearch/index/mapper/UidTests.java,UidTests,1,1
elasticsearch,elasticsearch/server/src/main/java/org/elasticsearch/index/query/SpanNearQueryBuilder.java,SpanNearQueryBuilder,4,4
elasticsearch,elasticsearch/server/src/main/java/org/elasticsearch/index/query/SpanNearQueryBuilder.java,SpanGapQueryBuilder,3,3
elasticsearch,elasticsearch/x-pack/plugin/ml/src/test/java/org/elasticsearch/xpack/ml/job/process/normalizer/BucketNormalizableTests.java,BucketNormalizableTests,1,1
elasticsearch,elasticsearch/x-pack/plugin/ml/src/main/java/org/elasticsearch/xpack/ml/job/process/autodetect/NativeAutodetectProcess.java,NativeAutodetectProcess,6,4
elasticsearch,elasticsearch/x-pack/plugin/sql/qa/src/main/java/org/elasticsearch/xpack/sql/qa/jdbc/ResultSetMetaDataTestCase.java,ResultSetMetaDataTestCase,1,1
elasticsearch,elasticsearch/modules/analysis-common/src/main/java/org/elasticsearch/analysis/common/PortugueseAnalyzerProvider.java,PortugueseAnalyzerProvider,1,1
elasticsearch,elasticsearch/x-pack/plugin/security/src/test/java/org/elasticsearch/xpack/security/authc/esnative/tool/CommandLineHttpClientTests.java,CommandLineHttpClientTests,5,5
elasticsearch,elasticsearch/buildSrc/src/main/java/org/elasticsearch/gradle/vagrant/VagrantShellTask.java,VagrantShellTask,3,2
elasticsearch,elasticsearch/server/src/main/java/org/elasticsearch/action/support/single/instance/InstanceShardOperationRequestBuilder.java,InstanceShardOperationRequestBuilder,4,3
elasticsearch,elasticsearch/server/src/test/java/org/elasticsearch/ingest/ValueSourceTests.java,ValueSourceTests,1,1
elasticsearch,elasticsearch/x-pack/plugin/core/src/test/java/org/elasticsearch/xpack/core/ml/inference/preprocessing/customwordembedding/ScriptDetectorTests.java,ScriptDetectorTests,1,1
elasticsearch,elasticsearch/server/src/test/java/org/elasticsearch/cluster/shards/ClusterSearchShardsIT.java,ClusterSearchShardsIT,1,1
elasticsearch,elasticsearch/x-pack/plugin/spatial/src/test/java/org/elasticsearch/xpack/spatial/search/ShapeQueryTests.java,ShapeQueryTests,10,5
elasticsearch,elasticsearch/x-pack/plugin/core/src/test/java/org/elasticsearch/xpack/core/ilm/TestLifecycleType.java,TestLifecycleType,7,3
elasticsearch,elasticsearch/client/benchmark/src/main/java/org/elasticsearch/client/benchmark/metrics/MetricsCalculator.java,MetricsCalculator,1,1
elasticsearch,elasticsearch/client/rest-high-level/src/main/java/org/elasticsearch/client/ml/PostDataRequest.java,PostDataRequest,1,1
elasticsearch,elasticsearch/client/rest-high-level/src/main/java/org/elasticsearch/client/ml/PostDataRequest.java,JsonBuilder,1,1
elasticsearch,elasticsearch/x-pack/plugin/core/src/main/java/org/elasticsearch/xpack/core/common/IteratingActionListener.java,IteratingActionListener,1,1
elasticsearch,elasticsearch/server/src/main/java/org/elasticsearch/script/BucketAggregationScript.java,BucketAggregationScript,3,3
elasticsearch,elasticsearch/server/src/main/java/org/elasticsearch/action/admin/indices/shrink/ResizeRequestBuilder.java,ResizeRequestBuilder,2,2
elasticsearch,elasticsearch/x-pack/plugin/security/src/test/java/org/elasticsearch/xpack/security/user/UserSerializationTests.java,UserSerializationTests,2,2
elasticsearch,elasticsearch/x-pack/plugin/core/src/main/java/org/elasticsearch/xpack/core/transform/transforms/TransformCheckpointStats.java,TransformCheckpointStats,2,1
elasticsearch,elasticsearch/x-pack/plugin/sql/qa/src/main/java/org/elasticsearch/xpack/sql/qa/jdbc/ShowTablesTestCase.java,ShowTablesTestCase,2,1
elasticsearch,elasticsearch/server/src/main/java/org/elasticsearch/action/admin/cluster/snapshots/create/TransportCreateSnapshotAction.java,TransportCreateSnapshotAction,10,5
elasticsearch,elasticsearch/server/src/main/java/org/elasticsearch/ingest/IngestMetric.java,IngestMetric,1,1
elasticsearch,elasticsearch/client/rest-high-level/src/main/java/org/elasticsearch/client/ml/PutDatafeedRequest.java,PutDatafeedRequest,1,1
elasticsearch,elasticsearch/server/src/main/java/org/elasticsearch/search/fetch/subphase/InnerHitsPhase.java,InnerHitsPhase,1,1
elasticsearch,elasticsearch/server/src/main/java/org/elasticsearch/action/admin/indices/close/CloseIndexClusterStateUpdateRequest.java,CloseIndexClusterStateUpdateRequest,2,1
elasticsearch,elasticsearch/client/rest-high-level/src/main/java/org/elasticsearch/client/enrich/StatsResponse.java,StatsResponse,1,1
elasticsearch,elasticsearch/client/rest-high-level/src/main/java/org/elasticsearch/client/enrich/StatsResponse.java,CoordinatorStats,1,1
elasticsearch,elasticsearch/client/rest-high-level/src/main/java/org/elasticsearch/client/enrich/StatsResponse.java,ExecutingPolicy,1,1
elasticsearch,elasticsearch/server/src/main/java/org/elasticsearch/index/query/QueryShardException.java,QueryShardException,1,1
elasticsearch,elasticsearch/x-pack/plugin/core/src/main/java/org/elasticsearch/xpack/core/ml/dataframe/DataFrameAnalyticsSource.java,DataFrameAnalyticsSource,5,3
elasticsearch,elasticsearch/server/src/test/java/org/elasticsearch/repositories/blobstore/BlobStoreRepositoryCleanupIT.java,BlobStoreRepositoryCleanupIT,2,2
elasticsearch,elasticsearch/client/rest-high-level/src/main/java/org/elasticsearch/client/ml/PutFilterRequest.java,PutFilterRequest,1,1
guava,guava/guava/src/com/google/common/collect/RegularImmutableList.java,RegularImmutableList,25,10
guava,guava/android/guava/src/com/google/common/math/MathPreconditions.java,MathPreconditions,3,2
guava,guava/guava-tests/test/com/google/common/io/TestInputStream.java,TestInputStream,2,2
guava,guava/android/guava/src/com/google/common/collect/FilteredEntryMultimap.java,FilteredEntryMultimap,4,3
guava,guava/android/guava/src/com/google/common/collect/FilteredEntryMultimap.java,ValuePredicate,2,2
guava,guava/android/guava/src/com/google/common/collect/FilteredEntryMultimap.java,AsMap,2,2
guava,guava/guava/src/com/google/common/collect/AbstractBiMap.java,EntrySet,7,7
guava,guava/guava/src/com/google/common/collect/AbstractBiMap.java,Inverse,11,5
guava,guava/guava-tests/test/com/google/common/collect/AbstractSequentialIteratorTest.java,AbstractSequentialIteratorTest,11,6
guava,guava/guava-tests/test/com/google/common/collect/AbstractSequentialIteratorTest.java,MyException,1,1
guava,guava/android/guava/src/com/google/common/util/concurrent/ForwardingListeningExecutorService.java,ForwardingListeningExecutorService,1,1
guava,guava/guava-tests/test/com/google/common/math/MathTesting.java,MathTesting,8,4
lucene-solr,lucene-solr/lucene/misc/src/java/org/apache/lucene/util/fst/UpToTwoPositiveIntOutputs.java,UpToTwoPositiveIntOutputs,5,5
lucene-solr,lucene-solr/lucene/misc/src/java/org/apache/lucene/util/fst/UpToTwoPositiveIntOutputs.java,TwoLongs,1,1
lucene-solr,lucene-solr/solr/core/src/test/org/apache/solr/metrics/MetricsConfigTest.java,MetricsConfigTest,1,1
lucene-solr,lucene-solr/solr/core/src/test/org/apache/solr/cloud/TestTlogReplayVsRecovery.java,TestTlogReplayVsRecovery,3,1
lucene-solr,lucene-solr/solr/core/src/java/org/apache/solr/update/processor/DocExpirationUpdateProcessorFactory.java,DocExpirationUpdateProcessorFactory,18,16
lucene-solr,lucene-solr/solr/core/src/java/org/apache/solr/update/processor/DocExpirationUpdateProcessorFactory.java,TTLUpdateProcessor,2,2
lucene-solr,lucene-solr/solr/core/src/java/org/apache/solr/update/processor/DocExpirationUpdateProcessorFactory.java,DeleteExpiredDocsRunnable,9,9
lucene-solr,lucene-solr/solr/core/src/test/org/apache/solr/cloud/TestLRUStatsCacheCloud.java,TestLRUStatsCacheCloud,1,1
lucene-solr,lucene-solr/lucene/replicator/src/test/org/apache/lucene/replicator/IndexReplicationClientTest.java,IndexReplicationClientTest,10,6
lucene-solr,lucene-solr/lucene/replicator/src/test/org/apache/lucene/replicator/IndexReplicationClientTest.java,IndexReadyCallback,2,2
lucene-solr,lucene-solr/lucene/test-framework/src/java/org/apache/lucene/geo/GeoTestUtil.java,GeoTestUtil,25,10
lucene-solr,lucene-solr/lucene/test-framework/src/java/org/apache/lucene/geo/GeoTestUtil.java,Loader,1,1
lucene-solr,lucene-solr/lucene/core/src/test/org/apache/lucene/geo/TestCircle2D.java,TestCircle2D,3,1
lucene-solr,lucene-solr/lucene/test-framework/src/java/org/apache/lucene/codecs/cranky/CrankyCodec.java,CrankyCodec,4,2
lucene-solr,lucene-solr/solr/core/src/java/org/apache/solr/search/facet/SumAgg.java,SumAgg,4,2
lucene-solr,lucene-solr/solr/core/src/java/org/apache/solr/search/facet/SumAgg.java,Merger,3,2
lucene-solr,lucene-solr/solr/core/src/java/org/apache/solr/search/facet/SumAgg.java,SumSortedNumericAcc,2,1
lucene-solr,lucene-solr/solr/core/src/java/org/apache/solr/search/facet/SumAgg.java,SumSortedSetAcc,2,1
lucene-solr,lucene-solr/solr/core/src/java/org/apache/solr/search/facet/SumAgg.java,SumUnInvertedFieldAcc,2,1
lucene-solr,lucene-solr/solr/solrj/src/java/org/apache/solr/client/solrj/cloud/autoscaling/Condition.java,Condition,2,2
lucene-solr,lucene-solr/solr/core/src/test/org/apache/solr/cloud/TestTolerantUpdateProcessorRandomCloud.java,TestTolerantUpdateProcessorRandomCloud,7,6
lucene-solr,lucene-solr/lucene/expressions/src/test/org/apache/lucene/expressions/js/TestJavascriptCompiler.java,TestJavascriptCompiler,8,4
lucene-solr,lucene-solr/solr/core/src/test/org/apache/solr/uninverting/TestNumericTerms64.java,TestNumericTerms64,10,7
lucene-solr,lucene-solr/solr/core/src/test/org/apache/solr/cloud/MissingSegmentRecoveryTest.java,MissingSegmentRecoveryTest,3,2
lucene-solr,lucene-solr/solr/core/src/test/org/apache/solr/search/function/NvlValueSourceParser.java,NvlValueSourceParser,4,4
lucene-solr,lucene-solr/solr/solrj/src/java/org/apache/solr/client/solrj/io/stream/KnnStream.java,KnnStream,4,2
lucene-solr,lucene-solr/lucene/core/src/java/org/apache/lucene/search/DisjunctionMaxQuery.java,DisjunctionMaxQuery,42,12
lucene-solr,lucene-solr/lucene/core/src/java/org/apache/lucene/search/DisjunctionMaxQuery.java,DisjunctionMaxWeight,32,9
lucene-solr,lucene-solr/solr/core/src/java/org/apache/solr/security/HadoopAuthPlugin.java,HadoopAuthPlugin,9,8
lucene-solr,lucene-solr/lucene/core/src/java/org/apache/lucene/util/Accountables.java,Accountables,5,4
lucene-solr,lucene-solr/solr/core/src/test/org/apache/solr/search/AnalyticsMergeStrategyTest.java,AnalyticsMergeStrategyTest,8,3
lucene-solr,lucene-solr/lucene/test-framework/src/java/org/apache/lucene/index/BaseCompressingDocValuesFormatTestCase.java,BaseCompressingDocValuesFormatTestCase,4,4
lucene-solr,lucene-solr/lucene/core/src/java/org/apache/lucene/codecs/PointsReader.java,PointsReader,3,2
lucene-solr,lucene-solr/lucene/analysis/common/src/java/org/apache/lucene/analysis/bg/BulgarianStemFilter.java,BulgarianStemFilter,1,1
lucene-solr,lucene-solr/lucene/analysis/icu/src/java/org/apache/lucene/collation/ICUCollationKeyAnalyzer.java,ICUCollationKeyAnalyzer,4,3
lucene-solr,lucene-solr/lucene/core/src/java/org/apache/lucene/codecs/TermVectorsReader.java,TermVectorsReader,9,6
lucene-solr,lucene-solr/lucene/core/src/java/org/apache/lucene/util/packed/DirectPacked64SingleBlockReader.java,DirectPacked64SingleBlockReader,3,2
lucene-solr,lucene-solr/solr/core/src/test/org/apache/solr/util/hll/ProbabilisticTestUtil.java,ProbabilisticTestUtil,1,1
lucene-solr,lucene-solr/lucene/analysis/common/src/test/org/apache/lucene/analysis/miscellaneous/TestFingerprintFilter.java,TestFingerprintFilter,1,1
lucene-solr,lucene-solr/solr/core/src/test/org/apache/solr/handler/admin/MBeansHandlerTest.java,MBeansHandlerTest,9,5
lucene-solr,lucene-solr/solr/core/src/test/org/apache/solr/search/TestSurroundQueryParser.java,TestSurroundQueryParser,3,3
lucene-solr,lucene-solr/solr/core/src/java/org/apache/solr/search/BitDocSet.java,BitDocSet,22,10
lucene-solr,lucene-solr/solr/core/src/test/org/apache/solr/util/PrimUtilsTest.java,PrimUtilsTest,1,1
lucene-solr,lucene-solr/solr/core/src/java/org/apache/solr/schema/TrieDateField.java,TrieDateField,17,10
lucene-solr,lucene-solr/solr/core/src/test/org/apache/solr/search/TestStressReorder.java,TestStressReorder,7,5
lucene-solr,lucene-solr/lucene/analysis/common/src/java/org/apache/lucene/analysis/fa/PersianAnalyzer.java,PersianAnalyzer,11,6
lucene-solr,lucene-solr/lucene/analysis/common/src/java/org/apache/lucene/analysis/fa/PersianAnalyzer.java,DefaultSetHolder,1,1
lucene-solr,lucene-solr/lucene/core/src/java/org/apache/lucene/util/mutable/MutableValueStr.java,MutableValueStr,3,3
lucene-solr,lucene-solr/solr/solrj/src/test/org/apache/solr/client/solrj/io/graph/GraphTest.java,GraphTest,5,5
lucene-solr,lucene-solr/lucene/analysis/common/src/java/org/apache/lucene/analysis/el/GreekLowerCaseFilter.java,GreekLowerCaseFilter,4,3
lucene-solr,lucene-solr/solr/solrj/src/java/org/apache/solr/client/solrj/io/eval/StreamEvaluatorException.java,StreamEvaluatorException,1,1
lucene-solr,lucene-solr/solr/core/src/java/org/apache/solr/cloud/OverseerNodePrioritizer.java,OverseerNodePrioritizer,10,7
lucene-solr,lucene-solr/solr/core/src/test/org/apache/solr/cloud/autoscaling/sim/TestSimExtremeIndexing.java,TestSimExtremeIndexing,10,4
lucene-solr,lucene-solr/lucene/spatial3d/src/java/org/apache/lucene/spatial3d/geom/PlanetModel.java,PlanetModel,20,5
lucene-solr,lucene-solr/lucene/spatial3d/src/java/org/apache/lucene/spatial3d/geom/PlanetModel.java,DocValueEncoder,2,2
lucene-solr,lucene-solr/solr/core/src/test/org/apache/solr/cloud/TestTlogReplica.java,TestTlogReplica,28,11
lucene-solr,lucene-solr/solr/solrj/src/test/org/apache/solr/client/solrj/embedded/SolrExampleEmbeddedTest.java,SolrExampleEmbeddedTest,2,2
lucene-solr,lucene-solr/solr/solrj/src/java/org/apache/solr/client/solrj/io/eval/CeilingEvaluator.java,CeilingEvaluator,3,2
lucene-solr,lucene-solr/lucene/test-framework/src/java/org/apache/lucene/codecs/cranky/CrankyDocValuesFormat.java,CrankyDocValuesFormat,3,2
lucene-solr,lucene-solr/lucene/test-framework/src/java/org/apache/lucene/codecs/cranky/CrankyDocValuesFormat.java,CrankyDocValuesConsumer,3,2
lucene-solr,lucene-solr/lucene/core/src/java/org/apache/lucene/geo/SimpleGeoJSONPolygonParser.java,SimpleGeoJSONPolygonParser,2,2
lucene-solr,lucene-solr/solr/solrj/src/java/org/apache/solr/client/solrj/impl/HttpSolrClient.java,HttpSolrClient,56,25
lucene-solr,lucene-solr/solr/solrj/src/java/org/apache/solr/client/solrj/impl/HttpSolrClient.java,HttpUriRequestResponse,1,1
lucene-solr,lucene-solr/solr/solrj/src/java/org/apache/solr/client/solrj/impl/HttpSolrClient.java,Builder,13,10
lucene-solr,lucene-solr/lucene/core/src/java/org/apache/lucene/codecs/FieldsProducer.java,FieldsProducer,7,4
lucene-solr,lucene-solr/lucene/analysis/kuromoji/src/test/org/apache/lucene/analysis/ja/TestJapaneseNumberFilter.java,TestJapaneseNumberFilter,4,2
lucene-solr,lucene-solr/lucene/analysis/nori/src/test/org/apache/lucene/analysis/ko/TestKoreanNumberFilter.java,TestKoreanNumberFilter,3,2
lucene-solr,lucene-solr/lucene/core/src/test/org/apache/lucene/document/TestXYMultiPointShapeQueries.java,TestXYMultiPointShapeQueries,1,1
lucene-solr,lucene-solr/lucene/core/src/test/org/apache/lucene/document/TestXYMultiPointShapeQueries.java,MultiPointValidator,1,1
lucene-solr,lucene-solr/solr/solrj/src/java/org/apache/solr/client/solrj/io/eval/HistogramEvaluator.java,HistogramEvaluator,5,2
lucene-solr,lucene-solr/solr/solrj/src/test/org/apache/solr/client/solrj/request/json/DomainMapTest.java,DomainMapTest,1,1
lucene-solr,lucene-solr/lucene/analysis/opennlp/src/java/org/apache/lucene/analysis/opennlp/tools/NLPTokenizerOp.java,NLPTokenizerOp,1,1
lucene-solr,lucene-solr/lucene/core/src/test/org/apache/lucene/util/packed/TestDirectPacked.java,TestDirectPacked,6,4
lucene-solr,lucene-solr/lucene/core/src/test/org/apache/lucene/util/packed/TestDirectPacked.java,MyRandom,1,1
lucene-solr,lucene-solr/solr/core/src/test/org/apache/solr/uninverting/TestDocTermOrdsUninvertLimit.java,TestDocTermOrdsUninvertLimit,8,5
lucene-solr,lucene-solr/solr/contrib/ltr/src/java/org/apache/solr/ltr/norm/IdentityNormalizer.java,IdentityNormalizer,1,1
lucene-solr,lucene-solr/solr/core/src/test/org/apache/solr/search/TestLegacyNumericRangeQueryBuilder.java,TestLegacyNumericRangeQueryBuilder,2,2
lucene-solr,lucene-solr/solr/core/src/java/org/apache/solr/update/processor/RemoveBlankFieldUpdateProcessorFactory.java,RemoveBlankFieldUpdateProcessorFactory,3,3
lucene-solr,lucene-solr/solr/core/src/test/org/apache/solr/search/facet/DistributedFacetSimpleRefinementLongTailTest.java,DistributedFacetSimpleRefinementLongTailTest,7,2
lucene-solr,lucene-solr/solr/core/src/java/org/apache/solr/util/FSHDFSUtils.java,FSHDFSUtils,11,4
lucene-solr,lucene-solr/lucene/analysis/common/src/java/org/apache/lucene/analysis/pattern/PatternTokenizer.java,PatternTokenizer,13,6
lucene-solr,lucene-solr/solr/solrj/src/java/org/apache/solr/client/solrj/response/LukeResponse.java,LukeResponse,3,3
lucene-solr,lucene-solr/solr/solrj/src/java/org/apache/solr/client/solrj/response/LukeResponse.java,FieldTypeInfo,2,2
lucene-solr,lucene-solr/solr/solrj/src/java/org/apache/solr/client/solrj/response/LukeResponse.java,FieldInfo,2,2
lucene-solr,lucene-solr/lucene/core/src/java/org/apache/lucene/search/similarities/BasicStats.java,BasicStats,4,3
lucene-solr,lucene-solr/solr/solrj/src/test/org/apache/solr/client/solrj/io/stream/eval/ReverseEvaluatorTest.java,ReverseEvaluatorTest,1,1
lucene-solr,lucene-solr/lucene/highlighter/src/java/org/apache/lucene/search/highlight/TokenGroup.java,TokenGroup,3,3
lucene-solr,lucene-solr/lucene/core/src/java/org/apache/lucene/store/MergeInfo.java,MergeInfo,2,2
lucene-solr,lucene-solr/lucene/demo/src/java/org/apache/lucene/demo/IndexFiles.java,IndexFiles,15,6
lucene-solr,lucene-solr/lucene/suggest/src/java/org/apache/lucene/search/spell/DirectSpellChecker.java,DirectSpellChecker,18,10
lucene-solr,lucene-solr/lucene/suggest/src/java/org/apache/lucene/search/spell/DirectSpellChecker.java,ScoreTerm,4,3
lucene-solr,lucene-solr/solr/core/src/java/org/apache/solr/search/grouping/distributed/shardresultserializer/ShardResultTransformerUtils.java,ShardResultTransformerUtils,1,1
lucene-solr,lucene-solr/lucene/analysis/common/src/java/org/apache/lucene/analysis/miscellaneous/HyphenatedWordsFilterFactory.java,HyphenatedWordsFilterFactory,5,5
lucene-solr,lucene-solr/lucene/spatial3d/src/java/org/apache/lucene/spatial3d/geom/GeoPathFactory.java,GeoPathFactory,2,2
lucene-solr,lucene-solr/lucene/core/src/java/org/apache/lucene/search/spans/NearSpansUnordered.java,NearSpansUnordered,18,9
lucene-solr,lucene-solr/lucene/core/src/java/org/apache/lucene/search/spans/NearSpansUnordered.java,SpanTotalLengthEndPositionWindow,1,1
lucene-solr,lucene-solr/lucene/core/src/test/org/apache/lucene/geo/TestCircle.java,TestCircle,1,1
lucene-solr,lucene-solr/solr/solrj/src/test/org/apache/solr/client/solrj/request/json/DirectJsonQueryRequestFacetingEmbeddedTest.java,DirectJsonQueryRequestFacetingEmbeddedTest,1,1
lucene-solr,lucene-solr/solr/solrj/src/test/org/apache/solr/client/solrj/request/json/DirectJsonQueryRequestFacetingEmbeddedTest.java,FacetBucket,1,1
lucene-solr,lucene-solr/solr/core/src/java/org/apache/solr/search/join/FrontierQuery.java,FrontierQuery,1,1
lucene-solr,lucene-solr/solr/contrib/analytics/src/java/org/apache/solr/analytics/function/field/IntMultiTrieField.java,IntMultiTrieField,3,3
lucene-solr,lucene-solr/lucene/queryparser/src/java/org/apache/lucene/queryparser/flexible/standard/nodes/PointRangeQueryNode.java,PointRangeQueryNode,1,1
lucene-solr,lucene-solr/lucene/analysis/common/src/java/org/apache/lucene/analysis/et/EstonianAnalyzer.java,EstonianAnalyzer,1,1
lucene-solr,lucene-solr/lucene/analysis/common/src/java/org/apache/lucene/analysis/et/EstonianAnalyzer.java,DefaultSetHolder,1,1
lucene-solr,lucene-solr/solr/solrj/src/test/org/apache/solr/client/solrj/LargeVolumeTestBase.java,LargeVolumeTestBase,10,8
lucene-solr,lucene-solr/solr/solrj/src/test/org/apache/solr/client/solrj/LargeVolumeTestBase.java,DocThread,5,4
lucene-solr,lucene-solr/lucene/analysis/common/src/test/org/apache/lucene/analysis/el/TestGreekStemmer.java,TestGreekStemmer,7,4
lucene-solr,lucene-solr/lucene/core/src/test/org/apache/lucene/util/TestSloppyMath.java,TestSloppyMath,7,3
lucene-solr,lucene-solr/solr/solrj/src/java/org/apache/solr/client/solrj/beans/BindingException.java,BindingException,1,1
lucene-solr,lucene-solr/lucene/analysis/common/src/java/org/apache/lucene/analysis/ngram/NGramTokenizer.java,NGramTokenizer,13,7
lucene-solr,lucene-solr/lucene/queryparser/src/java/org/apache/lucene/queryparser/xml/DOMUtils.java,DOMUtils,3,3
lucene-solr,lucene-solr/solr/core/src/java/org/apache/solr/handler/RequestHandlerUtils.java,RequestHandlerUtils,7,6
lucene-solr,lucene-solr/solr/core/src/java/org/apache/solr/store/blockcache/BlockLocks.java,BlockLocks,2,1
lucene-solr,lucene-solr/lucene/core/src/test/org/apache/lucene/util/TestCharsRefBuilder.java,TestCharsRefBuilder,1,1
lucene-solr,lucene-solr/solr/solrj/src/java/org/apache/solr/client/solrj/io/eval/IndexOfEvaluator.java,IndexOfEvaluator,1,1
lucene-solr,lucene-solr/lucene/core/src/test/org/apache/lucene/search/TestSimilarity.java,TestSimilarity,23,8
lucene-solr,lucene-solr/lucene/core/src/test/org/apache/lucene/search/TestSimilarity.java,SimpleSimilarity,11,5
lucene-solr,lucene-solr/solr/solrj/src/java/org/apache/solr/client/solrj/io/eval/AddEvaluator.java,AddEvaluator,2,2
lucene-solr,lucene-solr/solr/solrj/src/java/org/apache/solr/common/util/RetryUtil.java,RetryUtil,5,4
lucene-solr,lucene-solr/solr/core/src/test/org/apache/solr/cloud/api/collections/SimpleCollectionCreateDeleteTest.java,SimpleCollectionCreateDeleteTest,5,5
lucene-solr,lucene-solr/solr/contrib/dataimporthandler/src/java/org/apache/solr/handler/dataimport/ScriptTransformer.java,ScriptTransformer,2,2
lucene-solr,lucene-solr/lucene/spatial-extras/src/java/org/apache/lucene/spatial/ShapeValuesSource.java,ShapeValuesSource,1,1
lucene-solr,lucene-solr/lucene/classification/src/java/org/apache/lucene/classification/utils/DatasetSplitter.java,DatasetSplitter,21,6
lucene-solr,lucene-solr/solr/core/src/java/org/apache/solr/search/facet/BlockJoin.java,BlockJoin,2,2
lucene-solr,lucene-solr/solr/solrj/src/java/org/apache/solr/client/solrj/io/stream/FeaturesSelectionStream.java,FeaturesSelectionStream,9,6
lucene-solr,lucene-solr/solr/solrj/src/java/org/apache/solr/client/solrj/io/stream/FeaturesSelectionStream.java,FeaturesSelectionCall,5,3
lucene-solr,lucene-solr/solr/core/src/java/org/apache/solr/security/PrintWriterWrapper.java,PrintWriterWrapper,1,1
lucene-solr,lucene-solr/solr/core/src/test/org/apache/hadoop/fs/FileUtil.java,FileUtil,1,1
lucene-solr,lucene-solr/solr/core/src/test/org/apache/hadoop/fs/FileUtil.java,HardLink,1,1
lucene-solr,lucene-solr/lucene/luke/src/java/org/apache/lucene/luke/util/BytesRefUtils.java,BytesRefUtils,1,1
lucene-solr,lucene-solr/solr/core/src/test/org/apache/solr/cloud/TestHashPartitioner.java,TestHashPartitioner,14,5
lucene-solr,lucene-solr/lucene/core/src/java/org/apache/lucene/index/PostingsEnum.java,PostingsEnum,7,4
retrofit,retrofit/retrofit-converters/java8/src/main/java/retrofit/converter/java8/OptionalConverter.java,OptionalConverter,1,1
retrofit,retrofit/retrofit-adapters/rxjava/src/main/java/retrofit2/adapter/rxjava/Result.java,Result,4,1
retrofit,retrofit/samples/src/main/java/com/example/retrofit/DynamicBaseUrl.java,DynamicBaseUrl,1,1
retrofit,retrofit/samples/src/main/java/com/example/retrofit/DynamicBaseUrl.java,HostSelectionInterceptor,1,1
spring-boot,spring-boot/spring-boot-project/spring-boot-actuator-autoconfigure/src/test/java/org/springframework/boot/actuate/autoconfigure/management/HeapDumpWebEndpointAutoConfigurationTests.java,HeapDumpWebEndpointAutoConfigurationTests,5,2
spring-boot,spring-boot/spring-boot-project/spring-boot-autoconfigure/src/test/java/org/springframework/boot/autoconfigure/security/reactive/PathRequestTests.java,PathRequestTests,2,2
spring-boot,spring-boot/spring-boot-project/spring-boot-actuator-autoconfigure/src/main/java/org/springframework/boot/actuate/autoconfigure/metrics/jdbc/DataSourcePoolMetricsAutoConfiguration.java,DataSourcePoolMetricsAutoConfiguration,14,5
spring-boot,spring-boot/spring-boot-project/spring-boot-actuator-autoconfigure/src/main/java/org/springframework/boot/actuate/autoconfigure/metrics/jdbc/DataSourcePoolMetricsAutoConfiguration.java,DataSourcePoolMetadataMetricsConfiguration,5,2
spring-boot,spring-boot/spring-boot-project/spring-boot-actuator-autoconfigure/src/main/java/org/springframework/boot/actuate/autoconfigure/metrics/jdbc/DataSourcePoolMetricsAutoConfiguration.java,HikariDataSourceMetricsConfiguration,7,4
spring-boot,spring-boot/spring-boot-project/spring-boot-test/src/test/java/org/springframework/boot/test/context/SpringBootContextLoaderTests.java,SpringBootContextLoaderTests,12,5
spring-boot,spring-boot/spring-boot-project/spring-boot-test/src/test/java/org/springframework/boot/test/context/SpringBootContextLoaderTests.java,SimpleConfig,1,1
spring-boot,spring-boot/spring-boot-project/spring-boot-test/src/test/java/org/springframework/boot/test/context/SpringBootContextLoaderTests.java,SimpleConfigNonAlias,1,1
spring-boot,spring-boot/spring-boot-project/spring-boot-test/src/test/java/org/springframework/boot/test/context/SpringBootContextLoaderTests.java,OverrideConfig,1,1
spring-boot,spring-boot/spring-boot-project/spring-boot-test/src/test/java/org/springframework/boot/test/context/SpringBootContextLoaderTests.java,AppendConfig,1,1
spring-boot,spring-boot/spring-boot-project/spring-boot-test/src/test/java/org/springframework/boot/test/context/SpringBootContextLoaderTests.java,SameSeparatorInValue,1,1
spring-boot,spring-boot/spring-boot-project/spring-boot-test/src/test/java/org/springframework/boot/test/context/SpringBootContextLoaderTests.java,AnotherSeparatorInValue,1,1
spring-boot,spring-boot/spring-boot-project/spring-boot-test/src/test/java/org/springframework/boot/test/context/SpringBootContextLoaderTests.java,NewLineInValue,1,1
spring-boot,spring-boot/spring-boot-project/spring-boot-test/src/test/java/org/springframework/boot/test/context/SpringBootContextLoaderTests.java,Config,5,4
spring-boot,spring-boot/spring-boot-project/spring-boot-test/src/test/java/org/springframework/boot/test/context/SpringBootContextLoaderTests.java,ExposedTestContextManager,5,4
spring-boot,spring-boot/spring-boot-project/spring-boot-autoconfigure/src/test/java/org/springframework/boot/autoconfigure/data/mongo/MongoReactiveDataAutoConfigurationTests.java,MongoReactiveDataAutoConfigurationTests,5,4
spring-boot,spring-boot/spring-boot-project/spring-boot-actuator-autoconfigure/src/main/java/org/springframework/boot/actuate/autoconfigure/health/CompositeHealthIndicatorConfiguration.java,CompositeHealthIndicatorConfiguration,1,1
spring-boot,spring-boot/buildSrc/src/test/java/org/springframework/boot/build/context/properties/SingleConfigurationTableEntryTests.java,SingleConfigurationTableEntryTests,1,1
spring-boot,spring-boot/spring-boot-project/spring-boot/src/test/java/org/springframework/boot/context/properties/bind/handler/NoUnboundElementsBindHandlerTests.java,ExampleWithNestedList,2,1
spring-boot,spring-boot/spring-boot-project/spring-boot/src/test/java/org/springframework/boot/context/properties/bind/handler/NoUnboundElementsBindHandlerTests.java,Nested,2,1
spring-boot,spring-boot/spring-boot-project/spring-boot/src/test/java/org/springframework/boot/context/properties/bind/handler/NoUnboundElementsBindHandlerTests.java,OtherNested,2,1
spring-boot,spring-boot/spring-boot-project/spring-boot-tools/spring-boot-configuration-processor/src/test/java/org/springframework/boot/configurationprocessor/JavaBeanPropertyDescriptorTests.java,JavaBeanPropertyDescriptorTests,3,3
spring-boot,spring-boot/spring-boot-project/spring-boot-actuator/src/test/java/org/springframework/boot/actuate/elasticsearch/ElasticsearchRestHealthIndicatorTests.java,ElasticsearchRestHealthIndicatorTests,1,1
spring-boot,spring-boot/spring-boot-project/spring-boot/src/test/java/org/springframework/boot/context/properties/PropertySourcesDeducerTests.java,PropertySourcesDeducerTests,1,1
spring-boot,spring-boot/spring-boot-project/spring-boot/src/test/java/org/springframework/boot/context/properties/PropertySourcesDeducerTests.java,PropertySourcesPlaceholderConfigurerConfiguration,1,1
spring-boot,spring-boot/spring-boot-project/spring-boot/src/test/java/org/springframework/boot/context/properties/PropertySourcesDeducerTests.java,EmptyConfiguration,1,1
spring-boot,spring-boot/spring-boot-project/spring-boot/src/test/java/org/springframework/boot/context/properties/PropertySourcesDeducerTests.java,MultiplePropertySourcesPlaceholderConfigurerConfiguration,1,1
spring-boot,spring-boot/spring-boot-project/spring-boot/src/test/java/org/springframework/boot/context/properties/PropertySourcesDeducerTests.java,TestPropertySource,1,1
spring-boot,spring-boot/spring-boot-project/spring-boot/src/test/java/org/springframework/boot/context/properties/scan/combined/d/OtherCombinedConfiguration.java,OtherCombinedConfiguration,1,1
spring-boot,spring-boot/spring-boot-project/spring-boot/src/test/java/org/springframework/boot/context/properties/scan/combined/d/OtherCombinedConfiguration.java,MyControllerProperties,1,1
spring-boot,spring-boot/spring-boot-project/spring-boot-tools/spring-boot-jarmode-layertools/src/main/java/org/springframework/boot/jarmode/layertools/HelpCommand.java,HelpCommand,1,1
spring-framework,spring-framework/spring-aspects/src/test/java/org/springframework/beans/factory/aspectj/SpringConfiguredWithAutoProxyingTests.java,SpringConfiguredWithAutoProxyingTests,2,2
spring-framework,spring-framework/spring-test/src/test/java/org/springframework/test/context/web/BasicAnnotationConfigWacTests.java,BasicAnnotationConfigWacTests,2,2
spring-framework,spring-framework/spring-test/src/test/java/org/springframework/test/context/web/BasicAnnotationConfigWacTests.java,Config,2,2
spring-framework,spring-framework/spring-context/src/test/java/org/springframework/context/event/ApplicationContextEventTests.java,ApplicationContextEventTests,26,7
spring-framework,spring-framework/spring-context/src/test/java/org/springframework/context/event/ApplicationContextEventTests.java,MyEvent,1,1
spring-framework,spring-framework/spring-context/src/test/java/org/springframework/context/event/ApplicationContextEventTests.java,MyOtherEvent,1,1
spring-framework,spring-framework/spring-context/src/test/java/org/springframework/context/event/ApplicationContextEventTests.java,MyOrderedListener1,5,3
spring-framework,spring-framework/spring-context/src/test/java/org/springframework/context/event/ApplicationContextEventTests.java,MyOrderedListenerBase,2,2
spring-framework,spring-framework/spring-context/src/test/java/org/springframework/context/event/ApplicationContextEventTests.java,MyOrderedListener2,4,3
spring-framework,spring-framework/spring-context/src/test/java/org/springframework/context/event/ApplicationContextEventTests.java,MyPayloadListener,4,3
spring-framework,spring-framework/spring-context/src/test/java/org/springframework/context/event/ApplicationContextEventTests.java,MyNonSingletonListener,4,2
spring-framework,spring-framework/spring-context/src/test/java/org/springframework/context/event/ApplicationContextEventTests.java,MyOrderedListener3,3,1
spring-framework,spring-framework/spring-context/src/test/java/org/springframework/context/event/ApplicationContextEventTests.java,MyOrderedListener4,4,2
spring-framework,spring-framework/spring-context/src/test/java/org/springframework/context/event/ApplicationContextEventTests.java,EventPublishingBeanPostProcessor,3,3
spring-framework,spring-framework/spring-test/src/test/java/org/springframework/test/web/servlet/samples/standalone/resultmatchers/XmlContentAssertionTests.java,XmlContentAssertionTests,2,2
spring-framework,spring-framework/spring-test/src/test/java/org/springframework/test/web/servlet/samples/standalone/resultmatchers/XmlContentAssertionTests.java,MusicController,1,1
spring-framework,spring-framework/spring-test/src/test/java/org/springframework/test/web/servlet/samples/standalone/resultmatchers/XmlContentAssertionTests.java,PeopleWrapper,1,1
spring-framework,spring-framework/spring-jms/src/main/java/org/springframework/jms/connection/JmsTransactionManager.java,JmsTransactionManager,13,6
spring-framework,spring-framework/spring-jms/src/main/java/org/springframework/jms/connection/JmsTransactionManager.java,LazyJmsResourceHolder,2,2
spring-framework,spring-framework/spring-jms/src/main/java/org/springframework/jms/connection/JmsTransactionManager.java,JmsTransactionObject,7,5
spring-framework,spring-framework/spring-context/src/main/java/org/springframework/scripting/groovy/GroovyScriptEvaluator.java,GroovyScriptEvaluator,6,3
spring-framework,spring-framework/spring-context-support/src/test/java/org/springframework/cache/caffeine/CaffeineCacheManagerTests.java,CaffeineCacheManagerTests,7,3
spring-framework,spring-framework/spring-beans/src/test/java/org/springframework/beans/factory/xml/CollectionMergingTests.java,CollectionMergingTests,5,4
spring-framework,spring-framework/spring-context/src/test/java/org/springframework/scheduling/concurrent/ThreadPoolExecutorFactoryBeanTests.java,ThreadPoolExecutorFactoryBeanTests,7,4
spring-framework,spring-framework/spring-context/src/test/java/org/springframework/scheduling/concurrent/ThreadPoolExecutorFactoryBeanTests.java,ExecutorConfig,4,3
spring-framework,spring-framework/spring-web/src/test/java/org/springframework/web/method/annotation/RequestParamMethodArgumentResolverTests.java,RequestParamMethodArgumentResolverTests,21,9
spring-framework,spring-framework/spring-core/src/main/java/org/springframework/core/task/SimpleAsyncTaskExecutor.java,SimpleAsyncTaskExecutor,13,9
spring-framework,spring-framework/spring-core/src/main/java/org/springframework/core/task/SimpleAsyncTaskExecutor.java,ConcurrencyThrottleAdapter,1,1
spring-framework,spring-framework/spring-core/src/main/java/org/springframework/core/task/SimpleAsyncTaskExecutor.java,ConcurrencyThrottlingRunnable,4,3
spring-framework,spring-framework/spring-beans/src/main/java/org/springframework/beans/GenericTypeAwarePropertyDescriptor.java,GenericTypeAwarePropertyDescriptor,11,4
spring-framework,spring-framework/spring-beans/src/test/java/org/springframework/beans/AbstractPropertyValuesTests.java,AbstractPropertyValuesTests,3,3
spring-framework,spring-framework/spring-test/src/test/java/org/springframework/test/context/junit4/spr6128/AutowiredQualifierTests.java,AutowiredQualifierTests,1,1
spring-framework,spring-framework/spring-expression/src/test/java/org/springframework/expression/spel/support/ReflectionHelperTests.java,ReflectionHelperTests,18,12
spring-framework,spring-framework/spring-expression/src/test/java/org/springframework/expression/spel/support/ReflectionHelperTests.java,Super,1,1
spring-framework,spring-framework/spring-expression/src/test/java/org/springframework/expression/spel/support/ReflectionHelperTests.java,Sub,1,1
spring-framework,spring-framework/spring-expression/src/test/java/org/springframework/expression/spel/support/ReflectionHelperTests.java,Unconvertable,2,2
spring-framework,spring-framework/spring-expression/src/test/java/org/springframework/expression/spel/support/ReflectionHelperTests.java,Tester,5,5
spring-framework,spring-framework/spring-context/src/test/java/org/springframework/cache/NoOpCacheManagerTests.java,NoOpCacheManagerTests,4,4
spring-framework,spring-framework/spring-web/src/test/java/org/springframework/http/client/Netty4ClientHttpRequestFactoryTests.java,Netty4ClientHttpRequestFactoryTests,4,3
spring-framework,spring-framework/spring-webflux/src/test/java/org/springframework/web/reactive/function/client/DefaultWebClientTests.java,DefaultWebClientTests,32,10
spring-framework,spring-framework/spring-context/src/test/java/org/springframework/aop/target/CommonsPool2TargetSourceTests.java,CommonsPool2TargetSourceTests,9,5
spring-framework,spring-framework/spring-context/src/test/java/org/springframework/core/task/NoOpRunnable.java,NoOpRunnable,1,1
spring-framework,spring-framework/spring-web/src/main/java/org/springframework/web/bind/support/WebExchangeBindException.java,WebExchangeBindException,8,2
spring-framework,spring-framework/spring-beans/src/test/java/org/springframework/beans/propertyeditors/PathEditorTests.java,PathEditorTests,4,3
spring-framework,spring-framework/spring-orm/src/test/java/org/springframework/orm/jpa/AbstractEntityManagerFactoryBeanTests.java,AbstractEntityManagerFactoryBeanTests,5,4
spring-framework,spring-framework/spring-orm/src/test/java/org/springframework/orm/jpa/AbstractEntityManagerFactoryBeanTests.java,DummyEntityManagerFactoryBean,3,3
spring-framework,spring-framework/spring-core/src/main/java/org/springframework/core/convert/support/ArrayToObjectConverter.java,ArrayToObjectConverter,6,5
spring-framework,spring-framework/spring-webflux/src/main/java/org/springframework/web/reactive/function/client/ExchangeFilterFunctions.java,ExchangeFilterFunctions,19,7
spring-framework,spring-framework/spring-webflux/src/main/java/org/springframework/web/reactive/function/client/ExchangeFilterFunctions.java,Credentials,10,5
spring-framework,spring-framework/spring-webmvc/src/main/java/org/springframework/web/servlet/tags/form/ErrorsTag.java,ErrorsTag,8,7
spring-framework,spring-framework/spring-beans/src/main/java/org/springframework/beans/factory/xml/NamespaceHandlerSupport.java,NamespaceHandlerSupport,6,6
spring-framework,spring-framework/spring-core/src/main/java/org/springframework/core/log/LogMessage.java,LogMessage,3,2
spring-framework,spring-framework/spring-core/src/main/java/org/springframework/core/log/LogMessage.java,SupplierMessage,2,2
spring-framework,spring-framework/spring-core/src/main/java/org/springframework/core/log/LogMessage.java,FormatMessage,2,2
spring-framework,spring-framework/spring-core/src/main/java/org/springframework/core/log/LogMessage.java,FormatMessage1,2,2
spring-framework,spring-framework/spring-core/src/main/java/org/springframework/core/log/LogMessage.java,FormatMessage2,2,2
spring-framework,spring-framework/spring-core/src/main/java/org/springframework/core/log/LogMessage.java,FormatMessage3,2,2
spring-framework,spring-framework/spring-core/src/main/java/org/springframework/core/log/LogMessage.java,FormatMessage4,2,2
spring-framework,spring-framework/spring-core/src/main/java/org/springframework/core/log/LogMessage.java,FormatMessageX,2,2
spring-framework,spring-framework/spring-expression/src/main/java/org/springframework/expression/spel/standard/Token.java,Token,5,5
spring-framework,spring-framework/spring-context/src/main/java/org/springframework/validation/AbstractErrors.java,AbstractErrors,13,9
spring-framework,spring-framework/spring-core/src/main/java/org/springframework/core/convert/support/IdToEntityConverter.java,IdToEntityConverter,9,6
spring-framework,spring-framework/spring-core/src/main/java/org/springframework/asm/TypePath.java,TypePath,5,3
spring-framework,spring-framework/spring-test/src/test/java/org/springframework/test/context/web/BasicXmlWacTests.java,BasicXmlWacTests,1,1
spring-framework,spring-framework/spring-web/src/main/java/org/springframework/web/filter/reactive/HiddenHttpMethodFilter.java,HiddenHttpMethodFilter,7,6
spring-framework,spring-framework/spring-core/src/testFixtures/java/org/springframework/core/testfixture/io/ResourceTestUtils.java,ResourceTestUtils,2,1
spring-framework,spring-framework/spring-websocket/src/test/java/org/springframework/web/socket/handler/BeanCreatingHandlerProviderTests.java,BeanCreatingHandlerProviderTests,5,4
spring-framework,spring-framework/spring-websocket/src/test/java/org/springframework/web/socket/handler/BeanCreatingHandlerProviderTests.java,Config,1,1
spring-framework,spring-framework/spring-websocket/src/test/java/org/springframework/web/socket/handler/BeanCreatingHandlerProviderTests.java,SimpleEchoHandler,1,1
spring-framework,spring-framework/spring-websocket/src/test/java/org/springframework/web/socket/handler/BeanCreatingHandlerProviderTests.java,EchoHandler,1,1
spring-framework,spring-framework/spring-websocket/src/test/java/org/springframework/web/socket/handler/BeanCreatingHandlerProviderTests.java,EchoService,1,1
spring-framework,spring-framework/spring-web/src/test/java/org/springframework/web/filter/reactive/ServerWebExchangeContextFilterTests.java,ServerWebExchangeContextFilterTests,2,2
spring-framework,spring-framework/spring-web/src/test/java/org/springframework/web/filter/reactive/ServerWebExchangeContextFilterTests.java,MyService,1,1
spring-framework,spring-framework/spring-context/src/main/java/org/springframework/format/datetime/joda/DateTimeParser.java,DateTimeParser,4,4
spring-framework,spring-framework/spring-messaging/src/main/java/org/springframework/messaging/simp/config/SimpleBrokerRegistration.java,SimpleBrokerRegistration,10,8
spring-framework,spring-framework/spring-messaging/src/main/java/org/springframework/messaging/simp/broker/SimpleBrokerMessageHandler.java,SimpleBrokerMessageHandler,48,13
spring-framework,spring-framework/spring-messaging/src/main/java/org/springframework/messaging/simp/broker/SimpleBrokerMessageHandler.java,SessionInfo,7,4
spring-framework,spring-framework/spring-messaging/src/main/java/org/springframework/messaging/simp/broker/SimpleBrokerMessageHandler.java,HeartbeatTask,6,4
spring-framework,spring-framework/spring-webmvc/src/test/java/org/springframework/web/servlet/mvc/ControllerTests.java,ControllerTests,7,6
spring-framework,spring-framework/spring-webmvc/src/test/java/org/springframework/web/servlet/mvc/ControllerTests.java,TestServlet,2,2
spring-framework,spring-framework/spring-webflux/src/main/java/org/springframework/web/reactive/result/SimpleHandlerAdapter.java,SimpleHandlerAdapter,2,2
spring-framework,spring-framework/spring-context/src/test/java/org/springframework/context/annotation/Spr15042Tests.java,Spr15042Tests,1,1
spring-framework,spring-framework/spring-context/src/test/java/org/springframework/context/annotation/Spr15042Tests.java,PoolingTargetSourceConfig,1,1
spring-framework,spring-framework/spring-context-support/src/main/java/org/springframework/scheduling/quartz/SpringBeanJobFactory.java,SpringBeanJobFactory,10,6
spring-framework,spring-framework/spring-beans/src/test/java/org/springframework/beans/support/DerivedFromProtectedBaseBean.java,DerivedFromProtectedBaseBean,1,1
spring-framework,spring-framework/spring-beans/src/main/java/org/springframework/beans/factory/serviceloader/ServiceFactoryBean.java,ServiceFactoryBean,2,2
spring-framework,spring-framework/spring-aop/src/main/java/org/springframework/aop/framework/JdkDynamicAopProxy.java,JdkDynamicAopProxy,18,8
spring-framework,spring-framework/spring-webmvc/src/test/java/org/springframework/web/servlet/view/groovy/GroovyMarkupViewTests.java,GroovyMarkupViewTests,10,5
spring-framework,spring-framework/spring-webmvc/src/test/java/org/springframework/web/servlet/view/groovy/GroovyMarkupViewTests.java,TestTemplateEngine,2,2
spring-framework,spring-framework/spring-webmvc/src/test/java/org/springframework/web/servlet/view/groovy/GroovyMarkupViewTests.java,GroovyMarkupConfiguration,1,1
spring-framework,spring-framework/spring-jdbc/src/main/java/org/springframework/jdbc/object/BatchSqlUpdate.java,BatchSqlUpdate,12,8
spring-framework,spring-framework/spring-beans/src/main/java/org/springframework/beans/factory/xml/DocumentDefaultsDefinition.java,DocumentDefaultsDefinition,7,4
spring-framework,spring-framework/spring-beans/src/test/java/org/springframework/beans/factory/annotation/CustomAutowireConfigurerTests.java,CustomAutowireConfigurerTests,6,5
spring-framework,spring-framework/spring-beans/src/test/java/org/springframework/beans/factory/annotation/CustomAutowireConfigurerTests.java,TestBean,1,1
spring-framework,spring-framework/spring-beans/src/test/java/org/springframework/beans/factory/annotation/CustomAutowireConfigurerTests.java,CustomResolver,3,3
spring-framework,spring-framework/spring-web/src/main/java/org/springframework/http/server/reactive/ReactorServerHttpRequest.java,ReactorServerHttpRequest,29,8
spring-framework,spring-framework/spring-test/src/test/java/org/springframework/test/context/web/ServletContextAwareBeanWacTests.java,ServletContextAwareBeanWacTests,2,2
spring-framework,spring-framework/spring-web/src/main/java/org/springframework/http/codec/cbor/Jackson2CborDecoder.java,Jackson2CborDecoder,2,2
spring-framework,spring-framework/spring-web/src/main/java/org/springframework/web/multipart/support/StandardServletMultipartResolver.java,StandardServletMultipartResolver,9,6
spring-framework,spring-framework/spring-context/src/test/java/org/springframework/aop/framework/Dependency.java,Dependency,1,1
spring-framework,spring-framework/spring-web/src/test/java/org/springframework/web/context/request/ServletWebRequestTests.java,ServletWebRequestTests,9,6
spring-framework,spring-framework/spring-web/src/test/java/org/springframework/web/multipart/support/ByteArrayMultipartFileEditorTests.java,ByteArrayMultipartFileEditorTests,6,5
spring-framework,spring-framework/spring-test/src/test/java/org/springframework/test/context/junit4/RollbackOverrideDefaultRollbackFalseTransactionalTests.java,RollbackOverrideDefaultRollbackFalseTransactionalTests,7,2
spring-framework,spring-framework/spring-test/src/test/java/org/springframework/test/web/servlet/samples/standalone/resultmatchers/ViewNameAssertionTests.java,ViewNameAssertionTests,1,1
spring-framework,spring-framework/spring-test/src/test/java/org/springframework/test/web/servlet/samples/standalone/resultmatchers/ViewNameAssertionTests.java,SimpleController,1,1
spring-framework,spring-framework/spring-core/src/test/java/org/springframework/core/io/PathResourceTests.java,PathResourceTests,13,7
spring-framework,spring-framework/spring-beans/src/test/java/org/springframework/beans/propertyeditors/ResourceBundleEditorTests.java,ResourceBundleEditorTests,5,3
spring-framework,spring-framework/spring-context-support/src/main/java/org/springframework/cache/jcache/config/AbstractJCacheConfiguration.java,AbstractJCacheConfiguration,7,5
spring-framework,spring-framework/spring-webflux/src/test/java/org/springframework/web/reactive/result/condition/ParamsRequestConditionTests.java,ParamsRequestConditionTests,7,3
spring-framework,spring-framework/spring-webmvc/src/main/java/org/springframework/web/servlet/tags/form/AbstractFormTag.java,AbstractFormTag,5,5
spring-framework,spring-framework/spring-test/src/test/java/org/springframework/test/context/junit/jupiter/generics/DogTests.java,DogTests,2,2
spring-framework,spring-framework/spring-context-support/src/main/java/org/springframework/scheduling/quartz/SchedulerAccessorBean.java,SchedulerAccessorBean,6,5
spring-framework,spring-framework/spring-beans/src/main/java/org/springframework/beans/factory/BeanDefinitionStoreException.java,BeanDefinitionStoreException,7,5
spring-framework,spring-framework/spring-context-support/src/main/java/org/springframework/cache/jcache/interceptor/DefaultCacheMethodDetails.java,DefaultCacheMethodDetails,4,4
spring-framework,spring-framework/spring-core/src/main/java/org/springframework/core/ConfigurableObjectInputStream.java,ConfigurableObjectInputStream,7,4
spring-framework,spring-framework/spring-webmvc/src/main/java/org/springframework/web/servlet/tags/form/AbstractDataBoundFormElementTag.java,AbstractDataBoundFormElementTag,10,7
spring-framework,spring-framework/spring-context/src/test/java/org/springframework/jmx/export/annotation/AnnotationTestSubBean.java,AnnotationTestSubBean,1,1
spring-framework,spring-framework/spring-web/src/test/java/org/springframework/web/accept/ContentNegotiationManagerFactoryBeanTests.java,ContentNegotiationManagerFactoryBeanTests,19,8
spring-framework,spring-framework/spring-web/src/test/java/org/springframework/web/accept/ContentNegotiationManagerFactoryBeanTests.java,TestServletContext,3,2
spring-framework,spring-framework/spring-webflux/src/test/java/org/springframework/web/reactive/result/method/annotation/SessionAttributesHandlerTests.java,SessionAttributesHandlerTests,4,3
spring-framework,spring-framework/spring-webflux/src/test/java/org/springframework/web/reactive/result/method/annotation/SessionAttributesHandlerTests.java,TestController,1,1
spring-framework,spring-framework/spring-jdbc/src/main/java/org/springframework/jdbc/datasource/UserCredentialsDataSourceAdapter.java,UserCredentialsDataSourceAdapter,6,4
spring-framework,spring-framework/spring-jdbc/src/main/java/org/springframework/jdbc/datasource/UserCredentialsDataSourceAdapter.java,JdbcUserCredentials,3,3
spring-framework,spring-framework/spring-expression/src/main/java/org/springframework/expression/spel/ast/OpOr.java,OpOr,7,6
spring-framework,spring-framework/spring-web/src/main/java/org/springframework/http/MediaTypeFactory.java,MediaTypeFactory,8,5
spring-framework,spring-framework/spring-context/src/test/java/example/scannable/sub/BarComponent.java,BarComponent,1,1
spring-framework,spring-framework/spring-aop/src/test/java/org/springframework/aop/aspectj/autoproxy/AspectJPrecedenceComparatorTests.java,AspectJPrecedenceComparatorTests,8,6
spring-framework,spring-framework/spring-context/src/main/java/org/springframework/scripting/support/StandardScriptUtils.java,StandardScriptUtils,3,3
spring-framework,spring-framework/spring-web/src/main/java/org/springframework/web/filter/AbstractRequestLoggingFilter.java,AbstractRequestLoggingFilter,27,10
